Workbook

Sheet restaurant_sales_1200
A1: OrderID | B1: Time | C1: Time 2 | D1: Date22 | E1: Customer | F1: Region | G1: Category | H1: MenuItem | I1: Quantity | J1: Price | K1: Sales | L1: Hour | M1: Day
A2: 1001 | B2: 44927 | C2: 44927 | D2: 44927 | E2: Customer_58 | F2: North | G2: Asian | H2: Salad | I2: 4 | J2: 657 | K2: 2628 | L2: =HOUR(restaurant_sales_1200!$B2) -> 0 | M2: =TEXT(A2,"dddd") -> Saturday
A3: 1002 | B3: 44927.304 | C3: 44927.304 | D3: 44927.304 | E3: Customer_13 | F3: South | G3: Fast Food | H3: Salad | I3: 5 | J3: 675 | K3: 3375 | L3: =HOUR(restaurant_sales_1200!$B3) -> 7 | M3: =TEXT(A3,"dddd") -> Sunday
A4: 1003 | B4: 44927.607 | C4: 44927.607 | D4: 44927.607 | E4: Customer_141 | F4: West | G4: Main Course | H4: Tacos | I4: 3 | J4: 229 | K4: 687 | L4: =HOUR(restaurant_sales_1200!$B4) -> 14 | M4: =TEXT(A4,"dddd") -> Monday
A5: 1004 | B5: 44927.911 | C5: 44927.911 | D5: 44927.911 | E5: Customer_126 | F5: North | G5: Fast Food | H5: Tacos | I5: 5 | J5: 921 | K5: 4605 | L5: =HOUR(restaurant_sales_1200!$B5) -> 21 | M5: =TEXT(A5,"dddd") -> Tuesday
A6: 1005 | B6: 44928.214 | C6: 44928.214 | D6: 44928.214 | E6: Customer_115 | F6: North | G6: Asian | H6: Sushi | I6: 5 | J6: 462 | K6: 2310 | L6: =HOUR(restaurant_sales_1200!$B6) -> 5 | M6: =TEXT(A6,"dddd") -> Wednesday
A7: 1006 | B7: 44928.518 | C7: 44928.518 | D7: 44928.518 | E7: Customer_72 | F7: West | G7: Healthy | H7: Curry | I7: 2 | J7: 804 | K7: 1608 | L7: =HOUR(restaurant_sales_1200!$B7) -> 12 | M7: =TEXT(A7,"dddd") -> Thursday
A8: 1007 | B8: 44928.822 | C8: 44928.822 | D8: 44928.822 | E8: Customer_53 | F8: West | G8: Asian | H8: Salad | I8: 3 | J8: 918 | K8: 2754 | L8: =HOUR(restaurant_sales_1200!$B8) -> 19 | M8: =TEXT(A8,"dddd") -> Friday
A9: 1008 | B9: 44929.125 | C9: 44929.125 | D9: 44929.125 | E9: Customer_280 | F9: East | G9: Healthy | H9: Sandwich | I9: 3 | J9: 792 | K9: 2376 | L9: =HOUR(restaurant_sales_1200!$B9) -> 3 | M9: =TEXT(A9,"dddd") -> Saturday
A10: 1009 | B10: 44929.429 | C10: 44929.429 | D10: 44929.429 | E10: Customer_45 | F10: North | G10: Asian | H10: Curry | I10: 3 | J10: 391 | K10: 1173 | L10: =HOUR(restaurant_sales_1200!$B10) -> 10 | M10: =TEXT(A10,"dddd") -> Sunday
A11: 1010 | B11: 44929.732 | C11: 44929.732 | D11: 44929.732 | E11: Customer_217 | F11: West | G11: Main Course | H11: Salad | I11: 5 | J11: 470 | K11: 2350 | L11: =HOUR(restaurant_sales_1200!$B11) -> 17 | M11: =TEXT(A11,"dddd") -> Monday
A12: 1011 | B12: 44930.036 | C12: 44930.036 | D12: 44930.036 | E12: Customer_17 | F12: South | G12: Healthy | H12: Noodles | I12: 4 | J12: 893 | K12: 3572 | L12: =HOUR(restaurant_sales_1200!$B12) -> 0 | M12: =TEXT(A12,"dddd") -> Tuesday
A13: 1012 | B13: 44930.339 | C13: 44930.339 | D13: 44930.339 | E13: Customer_16 | F13: North | G13: Healthy | H13: Steak | I13: 3 | J13: 128 | K13: 384 | L13: =HOUR(restaurant_sales_1200!$B13) -> 8 | M13: =TEXT(A13,"dddd") -> Wednesday
... A1201: 2200 | B1201: 45291 | C1201: 45291 | D1201: 45291 | E1201: Customer_136 | F1201: East | G1201: Continental | H1201: Steak | I1201: 2 | J1201: 942 | K1201: 1884 | L1201: =HOUR(restaurant_sales_1200!$B1201) -> 0 | M1201: =TEXT(A1201,"dddd") -> Monday
